Group 1,Group 2,H,p-value,q-value
DAY0 (n=5),DAY3 (n=5),6.818181818181813,0.009023438818080334,0.009023438818080334
